Time,Eval distribution,PV length distribution
2023-10-02T03:26:12,{0: 32; 1: 42; -1: 2; 2: 11; -2: 1; 3: 7; 4: 10; -4: 3; 5: 7; 6: 4; 7: 7; -7: 1; 8: 13; -8: 1; 9: 9; 10: 13; 11: 13; 12: 13; 13: 15; -13: 1; 14: 17; 15: 28; 16: 27; -16: 3; 17: 25; -17: 1; 18: 44; -18: 2; 19: 46; 20: 61; 21: 33; 22: 39; 23: 42; -23: 1; 24: 18; 25: 50; -25: 1; 26: 51; 27: 96; -27: 1; 28: 79; 29: 94; 30: 99; 31: 106; 32: 97; 33: 112; 34: 75; 35: 123; -35: 1; 36: 224; -36: 1; 37: 170; 38: 234; 39: 254; 40: 478; 41: 341; 42: 982; 43: 776; 44: 1314; -44: 1; 45: 836; -45: 1; 46: 1506; 47: 331; 48: 775; 49: 1039; -49: 1; 50: 1214; 51: 1798; -51: 1; 52: 2073; 53: 2350; 54: 2584; 55: 2595; 56: 3052; 57: 3286; 58: 3526; 59: 3837; 60: 4588; 61: 4436; 62: 5247; 63: 5479; 64: 5564; 65: 5690; 66: 5296; 67: 5102; 68: 5353; 69: 5501; 70: 5765; 71: 6952; 72: 7054; 73: 7848; 74: 8554; 75: 11011; 76: 10653; 77: 10796; 78: 12693; 79: 12155; 80: 12630; 81: 12746; 82: 13673; 83: 13187; 84: 13201; 85: 14300; 86: 13888; 87: 13469; 88: 13574; 89: 13949; 90: 13268; 91: 13382; 92: 13588; 93: 13080; 94: 12685; 95: 12693; 96: 12776; 97: 12026; 98: 11616; 99: 11700; 100: 11851; 101: 11100; 102: 10518; 103: 10905; 104: 10348; 105: 9510; 106: 9467; 107: 9338; 108: 9245; 109: 8695; 110: 8433; 111: 7755; 112: 7681; 113: 7789; 114: 7123; 115: 6515; 116: 6445; 117: 6472; 118: 5790; 119: 5575; 120: 4914; 121: 5812; 122: 4572; 123: 4133; 124: 4124; 125: 4014; 126: 3773; 127: 3418; 128: 3399; 129: 2937; 130: 2699; 131: 2525; 132: 2668; 133: 2080; 134: 2170; 135: 2077; 136: 1757; -136: 1; 137: 1630; 138: 1426; 139: 1645; 140: 1233; 141: 1233; 142: 1173; 143: 1013; 144: 952; 145: 915; 146: 888; 147: 710; 148: 625; 149: 603; 150: 648; 151: 528; 152: 523; 153: 495; 154: 415; 155: 362; 156: 343; 157: 346; 158: 293; 159: 261; 160: 268; 161: 204; 162: 204; 163: 156; 164: 178; 165: 171; 166: 132; 167: 116; 168: 102; 169: 103; 170: 99; 171: 115; 172: 66; 173: 89; 174: 68; 175: 74; 176: 56; 177: 41; 178: 54; 179: 36; 180: 47; 181: 33; 182: 46; 183: 33; 184: 24; 185: 32; 186: 30; 187: 22; 188: 27; 189: 26; 190: 19; 191: 17; 192: 23; 193: 21; 194: 25; 195: 15; 196: 15; 197: 13; 198: 12; 199: 12; 200: 8; 201: 11; 202: 8; 203: 12; 204: 12; 205: 8; 206: 9; 207: 10; 208: 5; 209: 9; 210: 8; 211: 6; 212: 2; 213: 5; 214: 5; 215: 5; 216: 4; 217: 5; 218: 5; 219: 8; 220: 3; 221: 5; 222: 2; 223: 3; 224: 3; 225: 5; 226: 3; 227: 5; 228: 3; 229: 4; 230: 2; 231: 5; 232: 4; 233: 4; 235: 1; 236: 4; 237: 5; 239: 2; 240: 2; 241: 1; 244: 1; 245: 1; 246: 1; 250: 2; 251: 2; 252: 1; 254: 2; 258: 2; 259: 1; 261: 1; 263: 2; 264: 1; 265: 2; 266: 1; 270: 1; 271: 1; 275: 1; 276: 1; 282: 1; 284: 1; 287: 1; 291: 1; 300: 1; 302: 1; 303: 1; 306: 1; 315: 1; -319: 1; 322: 1; 324: 1; 329: 1; 332: 1; 336: 1; 354: 1; 368: 1; 408: 1; 521: 1},{1: 168; 2: 174686; 3: 49653; 4: 43096; -4: 28; 5: 56263; -5: 18; 6: 40003; -6: 25; 7: 35620; -7: 14; 8: 36226; -8: 14; 9: 30272; -9: 20; 10: 29082; -10: 17; 11: 22991; -11: 11; 12: 21278; -12: 14; 13: 17299; -13: 10; 14: 15547; -14: 16; 15: 12288; -15: 3; 16: 11535; -16: 17; 17: 9529; -17: 10; 18: 8946; -18: 17; 19: 7672; -19: 3; 20: 7371; -20: 17; 21: 6377; -21: 9; 22: 6326; -22: 21; 23: 5389; -23: 7; 24: 5052; -24: 19; 25: 4555; -25: 4; 26: 4090; -26: 11; 27: 3691; -27: 5; 28: 3210; -28: 12; 29: 3055; -29: 4; 30: 2756; -30: 11; 31: 2415; -31: 3; 32: 2205; -32: 10; 33: 1884; -33: 5; 34: 1649; -34: 12; 35: 1422; -35: 4; 36: 1288; -36: 4; 37: 1120; -37: 3; 38: 1029; -38: 3; 39: 841; 40: 705; -40: 6; 41: 622; -41: 1; 42: 576; -42: 1; 43: 487; -43: 2; 44: 367; -44: 8; 45: 310; -45: 2; 46: 303; -46: 3; 47: 195; -47: 1; 48: 188; -48: 4; 49: 170; -49: 2; 50: 162; 51: 132; -51: 1; 52: 103; -52: 3; 53: 93; 54: 115; -54: 3; 55: 47; 56: 65; -56: 3; 57: 45; 58: 22; 59: 36; 60: 29; -60: 2; 61: 19; 62: 19; -62: 1; 63: 18; 64: 30; -64: 2; 65: 14; 66: 24; 67: 7; 68: 12; 69: 3; 70: 6; 71: 5; 72: 5; -72: 1; 73: 2; 74: 1; -74: 1; 75: 6; 77: 1; 78: 6; -80: 1; 83: 2; 84: 6; 85: 2; 86: 1; 88: 1; 100: 1}
2023-10-03T03:55:15,{0: 32; 1: 43; -1: 2; 2: 13; -2: 1; 3: 6; 4: 10; -4: 3; 5: 8; -5: 1; 6: 5; 7: 5; -7: 1; 8: 15; -8: 1; 9: 12; 10: 13; 11: 14; 12: 12; 13: 17; -13: 1; 14: 22; 15: 22; 16: 20; -16: 3; 17: 31; -17: 1; 18: 43; -18: 1; 19: 50; 20: 53; 21: 36; 22: 37; 23: 36; -23: 1; 24: 17; 25: 54; -25: 1; 26: 58; 27: 90; -27: 1; 28: 81; 29: 95; 30: 100; 31: 112; 32: 96; 33: 106; -33: 1; 34: 69; 35: 124; -35: 1; 36: 217; -36: 1; 37: 169; 38: 249; 39: 241; 40: 470; 41: 349; 42: 999; 43: 754; 44: 1336; -44: 1; 45: 813; -45: 1; 46: 1534; 47: 316; 48: 788; 49: 1064; -49: 1; 50: 1263; 51: 1810; -51: 1; 52: 2111; 53: 2275; 54: 2634; 55: 2592; 56: 3126; 57: 3271; 58: 3530; 59: 3835; 60: 4416; 61: 4420; 62: 5301; 63: 5488; 64: 5516; 65: 5629; 66: 5438; 67: 5157; 68: 5358; 69: 5529; 70: 5736; 71: 7015; 72: 6996; 73: 7780; 74: 8590; 75: 10940; 76: 10610; 77: 10951; 78: 12580; 79: 11889; 80: 12596; 81: 12752; 82: 13696; 83: 13096; 84: 13174; 85: 14272; 86: 13876; 87: 13258; 88: 13376; 89: 13851; 90: 13204; 91: 13435; 92: 13364; 93: 12950; 94: 12803; 95: 12635; 96: 12688; 97: 12069; 98: 11733; 99: 11549; 100: 11727; 101: 11198; 102: 10684; 103: 10834; 104: 10465; 105: 9640; 106: 9437; 107: 9344; 108: 9091; 109: 8749; 110: 8520; 111: 7826; 112: 7582; 113: 7838; 114: 7157; 115: 6544; 116: 6500; 117: 6511; 118: 5829; 119: 5561; 120: 4975; 121: 5853; 122: 4617; 123: 4223; 124: 4202; 125: 4113; 126: 3798; 127: 3408; 128: 3427; 129: 2952; 130: 2737; 131: 2584; 132: 2668; 133: 2114; 134: 2171; 135: 2036; 136: 1761; -136: 1; 137: 1659; 138: 1464; 139: 1618; 140: 1269; 141: 1228; 142: 1205; 143: 1009; 144: 948; 145: 924; 146: 908; 147: 710; 148: 649; 149: 597; 150: 652; 151: 545; 152: 530; 153: 507; 154: 423; 155: 365; 156: 328; 157: 351; 158: 296; 159: 264; 160: 271; 161: 205; 162: 200; 163: 166; 164: 184; 165: 168; 166: 140; 167: 115; 168: 100; 169: 102; 170: 104; 171: 120; 172: 68; 173: 93; 174: 70; 175: 77; 176: 57; 177: 44; 178: 52; 179: 39; 180: 45; 181: 32; 182: 46; 183: 34; 184: 21; 185: 33; 186: 28; 187: 23; 188: 27; 189: 27; 190: 19; 191: 21; 192: 22; 193: 20; 194: 25; 195: 13; 196: 16; 197: 13; 198: 13; 199: 12; 200: 9; 201: 11; 202: 8; 203: 11; 204: 12; 205: 10; 206: 9; 207: 9; 208: 7; 209: 8; 210: 8; 211: 5; 212: 2; 213: 5; 214: 5; 215: 4; 216: 7; 217: 8; 218: 5; 219: 7; 220: 3; 221: 6; 222: 2; 223: 2; 224: 2; 225: 4; 226: 3; 227: 5; 228: 2; 229: 4; 230: 2; 231: 4; 232: 5; 233: 4; 235: 1; 236: 4; 237: 6; 239: 2; 241: 1; 244: 1; 245: 1; 247: 1; 250: 1; 251: 3; 252: 1; 254: 2; 258: 2; 259: 1; 261: 1; 263: 3; 264: 1; 265: 3; 270: 1; 271: 1; 276: 2; 282: 1; 284: 1; 287: 1; 291: 1; 300: 1; 302: 1; 303: 1; 306: 1; 315: 1; -319: 1; 322: 1; 324: 1; 329: 1; 333: 1; 336: 1; 354: 1; 369: 1; 408: 1; 521: 1},{1: 1; 2: 167241; 3: 49366; 4: 44660; -4: 26; 5: 54186; -5: 21; 6: 37413; -6: 36; 7: 34383; -7: 41; 8: 34539; -8: 39; 9: 30124; -9: 46; 10: 29000; -10: 40; 11: 24005; -11: 30; 12: 22348; -12: 33; 13: 18671; -13: 32; 14: 17090; -14: 30; 15: 13930; -15: 20; 16: 13056; -16: 32; 17: 10725; -17: 12; 18: 10042; -18: 26; 19: 8655; -19: 10; 20: 8132; -20: 31; 21: 6772; -21: 16; 22: 6425; -22: 29; 23: 5661; -23: 6; 24: 5245; -24: 24; 25: 4528; -25: 6; 26: 4266; -26: 8; 27: 3741; -27: 3; 28: 3373; -28: 13; 29: 3074; -29: 6; 30: 2775; -30: 14; 31: 2375; -31: 2; 32: 2187; -32: 10; 33: 1825; -33: 6; 34: 1875; -34: 14; 35: 1569; -35: 2; 36: 1267; -36: 7; 37: 1094; -37: 1; 38: 962; -38: 5; 39: 830; -39: 1; 40: 709; -40: 10; 41: 696; -41: 4; 42: 583; -42: 7; 43: 461; -43: 2; 44: 347; -44: 6; 45: 387; 46: 293; -46: 1; 47: 232; 48: 189; -48: 1; 49: 210; -49: 1; 50: 148; -50: 3; 51: 136; -51: 1; 52: 109; -52: 5; 53: 92; 54: 76; -54: 2; 55: 51; 56: 50; -56: 2; 57: 52; 58: 24; -58: 1; 59: 63; 60: 27; -60: 2; 61: 8; 62: 22; -62: 1; 63: 14; 64: 20; -64: 1; 65: 17; 66: 26; 67: 16; 68: 9; 69: 12; 70: 13; 71: 1; 73: 1; 74: 3; -74: 1; 76: 1; 77: 4; 79: 7; 80: 1; 81: 1; 82: 12; 83: 2; 84: 10; -84: 1; 85: 5; 86: 4; -86: 1; 88: 3; -90: 1; 100: 1}
2023-10-04T04:44:41,{0: 31; 1: 43; -1: 2; 2: 12; -2: 1; 3: 7; 4: 8; -4: 3; 5: 10; 6: 4; 7: 6; -7: 1; 8: 14; -8: 1; 9: 13; 10: 9; 11: 15; 12: 13; 13: 16; -13: 1; 14: 19; 15: 23; 16: 24; -16: 3; 17: 31; -17: 2; 18: 44; 19: 49; -19: 1; 20: 56; 21: 34; 22: 36; 23: 42; -23: 1; 24: 17; 25: 54; -25: 1; 26: 46; 27: 89; 28: 85; 29: 97; 30: 91; 31: 112; 32: 95; 33: 103; 34: 68; 35: 120; -35: 1; 36: 216; -36: 1; 37: 165; 38: 229; 39: 242; 40: 477; 41: 344; 42: 1001; 43: 759; 44: 1324; -44: 1; 45: 828; -45: 1; 46: 1507; 47: 323; 48: 813; 49: 1032; -49: 1; 50: 1227; 51: 1827; -51: 1; 52: 2055; 53: 2287; 54: 2604; 55: 2693; 56: 3123; 57: 3317; 58: 3546; 59: 3747; 60: 4429; 61: 4446; 62: 5281; 63: 5530; 64: 5543; 65: 5692; 66: 5412; 67: 5149; 68: 5270; 69: 5511; 70: 5792; 71: 6955; 72: 6995; 73: 7805; 74: 8639; 75: 10842; 76: 10539; 77: 10888; 78: 12593; 79: 11775; 80: 12522; 81: 12630; 82: 13734; 83: 12939; 84: 13137; 85: 14154; 86: 13900; 87: 13167; 88: 13241; 89: 13688; 90: 13141; 91: 13222; 92: 13300; 93: 12909; 94: 12656; 95: 12578; 96: 12596; 97: 11921; 98: 11739; 99: 11601; 100: 11692; 101: 11091; 102: 10749; 103: 10967; 104: 10452; 105: 9717; 106: 9537; 107: 9309; 108: 9330; 109: 8871; 110: 8461; 111: 7973; 112: 7585; 113: 7851; 114: 7237; 115: 6661; 116: 6622; 117: 6658; 118: 5862; 119: 5590; 120: 5039; 121: 5874; 122: 4707; 123: 4255; 124: 4244; 125: 4109; 126: 3828; 127: 3517; 128: 3448; 129: 3042; 130: 2758; 131: 2591; 132: 2686; 133: 2118; 134: 2214; 135: 2020; 136: 1795; -136: 1; 137: 1687; 138: 1467; 139: 1655; 140: 1277; 141: 1229; 142: 1217; 143: 1008; 144: 965; 145: 931; 146: 901; 147: 717; 148: 650; 149: 590; 150: 636; 151: 553; 152: 537; 153: 498; 154: 422; 155: 372; 156: 332; 157: 342; 158: 296; 159: 279; 160: 276; 161: 206; 162: 203; 163: 165; 164: 188; 165: 177; 166: 142; 167: 117; 168: 97; 169: 103; 170: 108; 171: 123; 172: 73; 173: 93; 174: 67; 175: 82; 176: 58; 177: 47; 178: 46; 179: 42; 180: 44; 181: 34; 182: 44; 183: 35; 184: 21; 185: 36; 186: 28; 187: 21; 188: 28; 189: 32; 190: 18; 191: 22; 192: 22; 193: 18; 194: 26; 195: 13; 196: 15; 197: 12; 198: 15; 199: 12; 200: 9; 201: 12; 202: 8; 203: 9; 204: 12; 205: 10; 206: 9; 207: 9; 208: 7; 209: 8; 210: 7; 211: 5; 212: 2; 213: 5; 214: 5; 215: 5; 216: 7; 217: 8; 218: 4; 219: 7; 220: 3; 221: 7; 222: 2; 223: 2; 224: 3; 225: 4; 226: 3; 227: 5; 228: 1; 229: 3; 230: 2; 231: 5; 232: 5; 233: 4; 235: 1; 236: 4; 237: 5; 239: 1; 240: 1; 241: 1; 245: 2; 250: 1; 251: 1; 252: 1; 253: 1; 254: 2; 258: 2; 259: 1; 260: 1; 261: 1; 262: 1; 263: 2; 264: 2; 265: 3; 270: 1; 271: 1; 276: 2; 282: 1; 284: 1; 287: 1; 291: 1; 300: 1; 302: 1; 303: 1; 306: 1; 315: 1; -319: 1; 322: 1; 324: 1; 329: 1; 333: 1; 336: 1; 354: 1; 364: 1; 408: 1; 521: 1},{1: 2; 2: 163154; 3: 50416; 4: 45559; -4: 31; 5: 53379; -5: 55; 6: 35927; -6: 38; 7: 33470; -7: 41; 8: 33198; -8: 46; 9: 29777; -9: 54; 10: 28732; -10: 39; 11: 24663; -11: 53; 12: 22649; -12: 35; 13: 19540; -13: 40; 14: 17983; -14: 39; 15: 14803; -15: 42; 16: 13806; -16: 34; 17: 11343; -17: 27; 18: 10643; -18: 26; 19: 8994; -19: 18; 20: 8481; -20: 31; 21: 7118; -21: 15; 22: 6801; -22: 16; 23: 5625; -23: 9; 24: 5305; -24: 12; 25: 4677; -25: 6; 26: 4322; -26: 17; 27: 3782; -27: 6; 28: 3550; -28: 12; 29: 3012; -29: 6; 30: 2833; -30: 17; 31: 2371; -31: 6; 32: 2125; -32: 5; 33: 1822; -33: 5; 34: 1816; -34: 10; 35: 1498; 36: 1269; -36: 7; 37: 986; -37: 1; 38: 969; -38: 5; 39: 854; -39: 1; 40: 720; -40: 10; 41: 634; 42: 521; -42: 4; 43: 456; -43: 3; 44: 407; -44: 8; 45: 353; -45: 1; 46: 316; -46: 1; 47: 262; 48: 188; -48: 2; 49: 205; 50: 142; 51: 123; -51: 1; 52: 126; -52: 9; 53: 104; 54: 77; -54: 5; 55: 54; 56: 121; -56: 4; 57: 46; 58: 33; -58: 1; 59: 49; 60: 31; -60: 1; 61: 15; 62: 17; 63: 19; 64: 28; 65: 21; 66: 19; 67: 15; 68: 13; 69: 10; 70: 10; 71: 3; 72: 7; 73: 1; 74: 8; -74: 1; 76: 2; 77: 2; 79: 3; 85: 4; 88: 1; 102: 15}
2023-10-05T04:01:55,{0: 31; 1: 43; -1: 2; 2: 12; -2: 1; 3: 8; 4: 8; -4: 3; 5: 9; 6: 4; 7: 5; -7: 1; 8: 15; -8: 1; 9: 13; 10: 10; 11: 15; 12: 12; 13: 16; -13: 1; 14: 22; -14: 1; 15: 22; 16: 25; -16: 3; 17: 30; -17: 1; 18: 42; 19: 49; -19: 1; 20: 56; 21: 33; 22: 37; 23: 40; -23: 1; 24: 15; 25: 55; -25: 1; 26: 46; 27: 87; 28: 86; 29: 91; 30: 95; 31: 110; 32: 91; 33: 94; 34: 71; 35: 120; -35: 1; 36: 204; -36: 1; 37: 171; 38: 229; 39: 239; 40: 476; 41: 349; 42: 1005; 43: 741; 44: 1298; -44: 1; 45: 833; -45: 1; 46: 1498; 47: 315; 48: 789; 49: 1020; -49: 1; 50: 1227; 51: 1817; -51: 1; 52: 2037; 53: 2300; 54: 2612; 55: 2635; 56: 3057; 57: 3324; 58: 3532; 59: 3754; 60: 4397; 61: 4457; 62: 5268; 63: 5524; 64: 5527; 65: 5726; 66: 5410; 67: 5129; 68: 5176; 69: 5569; 70: 5769; 71: 6861; 72: 7004; 73: 7845; 74: 8506; 75: 10869; 76: 10491; 77: 10890; 78: 12676; 79: 11837; 80: 12523; 81: 12638; 82: 13804; 83: 13052; 84: 13144; 85: 14180; 86: 13717; 87: 13209; 88: 13385; 89: 13732; 90: 13218; 91: 13179; 92: 13366; 93: 12960; 94: 12616; 95: 12466; 96: 12445; 97: 11857; 98: 11741; 99: 11527; 100: 11676; 101: 11185; 102: 10698; 103: 10934; 104: 10336; 105: 9590; 106: 9535; 107: 9334; 108: 9268; 109: 8873; 110: 8586; 111: 7999; 112: 7668; 113: 7888; 114: 7305; 115: 6641; 116: 6654; 117: 6614; 118: 5872; 119: 5662; 120: 5071; 121: 5872; 122: 4685; 123: 4288; 124: 4311; 125: 4087; 126: 3812; 127: 3524; 128: 3481; 129: 3069; 130: 2751; 131: 2592; 132: 2684; 133: 2151; 134: 2219; 135: 2037; 136: 1790; -136: 1; 137: 1692; 138: 1493; 139: 1653; 140: 1298; 141: 1257; 142: 1214; 143: 1002; 144: 968; 145: 945; 146: 907; 147: 722; 148: 659; 149: 592; 150: 636; 151: 562; 152: 534; 153: 502; 154: 427; 155: 378; 156: 328; 157: 337; 158: 300; 159: 272; 160: 279; 161: 211; 162: 200; 163: 168; 164: 185; 165: 175; 166: 145; 167: 121; 168: 98; 169: 106; 170: 104; 171: 122; 172: 73; 173: 93; 174: 66; 175: 84; 176: 57; 177: 47; 178: 44; 179: 41; 180: 48; 181: 35; 182: 44; 183: 36; 184: 19; 185: 35; 186: 27; 187: 22; 188: 27; 189: 29; 190: 15; 191: 25; 192: 23; 193: 18; 194: 24; 195: 14; 196: 16; 197: 14; 198: 15; 199: 13; 200: 9; 201: 14; 202: 10; 203: 11; 204: 11; 205: 10; 206: 9; 207: 9; 208: 7; 209: 8; 210: 7; 211: 5; 212: 3; 213: 4; 214: 4; 215: 5; 216: 6; 217: 8; 218: 4; 219: 7; 220: 3; 221: 6; 222: 3; 223: 3; 224: 4; 225: 3; 226: 3; 227: 5; 228: 2; 229: 3; 230: 2; 231: 5; 232: 5; 233: 4; 235: 1; 236: 4; 237: 5; 239: 1; 241: 2; 245: 1; 247: 1; 250: 1; 251: 1; 252: 1; 253: 1; 254: 2; 258: 2; 259: 1; 261: 1; 262: 1; 263: 3; 264: 2; 265: 3; 270: 1; 271: 1; 276: 2; 282: 1; 284: 1; 287: 1; 291: 1; 300: 1; 302: 1; 303: 1; 306: 1; 315: 1; -319: 1; 322: 1; 324: 1; 329: 1; 333: 1; 336: 1; 354: 1; 364: 1; 408: 1; 521: 1},{1: 1; 2: 161860; 3: 50813; 4: 47088; -4: 51; 5: 54442; -5: 46; 6: 36351; -6: 49; 7: 33945; -7: 61; 8: 33145; -8: 50; 9: 29368; -9: 58; 10: 28293; -10: 49; 11: 24177; -11: 52; 12: 22526; -12: 34; 13: 19256; -13: 31; 14: 17681; -14: 43; 15: 14581; -15: 44; 16: 13704; -16: 43; 17: 11528; -17: 35; 18: 10779; -18: 32; 19: 8870; -19: 17; 20: 8431; -20: 34; 21: 7214; -21: 23; 22: 6725; -22: 19; 23: 5692; -23: 13; 24: 5149; -24: 19; 25: 4659; -25: 8; 26: 4364; -26: 15; 27: 3726; -27: 3; 28: 3559; -28: 14; 29: 3042; -29: 4; 30: 2807; -30: 14; 31: 2298; -31: 4; 32: 2117; -32: 7; 33: 1748; -33: 4; 34: 1812; -34: 12; 35: 1428; -35: 2; 36: 1241; -36: 6; 37: 1063; -37: 4; 38: 1021; -38: 4; 39: 831; -39: 2; 40: 645; -40: 8; 41: 586; -41: 2; 42: 508; -42: 3; 43: 467; -43: 1; 44: 404; -44: 8; 45: 347; -45: 1; 46: 283; -46: 1; 47: 203; 48: 201; -48: 1; 49: 224; 50: 140; 51: 135; 52: 124; -52: 8; 53: 96; -53: 1; 54: 79; -54: 2; 55: 53; 56: 76; -56: 8; 57: 82; 58: 38; 59: 26; 60: 49; -60: 1; 61: 36; 62: 25; -62: 1; 63: 21; 64: 16; 65: 17; 66: 32; 67: 12; 68: 8; -68: 1; 69: 12; 70: 15; -70: 1; 71: 3; 72: 4; 73: 2; 74: 2; -74: 2; 75: 2; 77: 2; 78: 1; 79: 3; 82: 15; 85: 3; 86: 1; 92: 1; 100: 1}
2023-10-06T04:06:59,{0: 32; 1: 44; -1: 2; 2: 11; -2: 1; 3: 7; 4: 9; -4: 3; 5: 10; 6: 4; 7: 5; -7: 1; 8: 14; -8: 1; 9: 16; 10: 9; 11: 17; 12: 15; 13: 17; -13: 1; 14: 23; -14: 1; 15: 21; 16: 23; -16: 3; 17: 26; -17: 1; 18: 43; 19: 47; -19: 1; 20: 56; 21: 29; 22: 40; 23: 47; -23: 1; 24: 16; 25: 50; -25: 1; 26: 50; 27: 89; 28: 85; 29: 94; 30: 92; 31: 104; 32: 90; 33: 106; 34: 77; 35: 111; -35: 1; 36: 209; -36: 1; 37: 171; 38: 231; 39: 241; 40: 487; 41: 339; 42: 1026; 43: 727; 44: 1313; -44: 1; 45: 839; -45: 1; 46: 1537; 47: 349; 48: 759; 49: 1096; 50: 1213; 51: 1886; -51: 1; 52: 2014; 53: 2361; 54: 2619; 55: 2638; 56: 3078; 57: 3311; 58: 3547; 59: 3816; 60: 4463; 61: 4484; 62: 5289; 63: 5532; 64: 5491; 65: 5682; 66: 5332; 67: 5106; 68: 5100; 69: 5580; 70: 5709; 71: 6854; 72: 7034; 73: 7767; 74: 8428; 75: 10827; 76: 10469; 77: 10790; 78: 12678; 79: 11827; -79: 1; 80: 12558; 81: 12587; 82: 13631; 83: 13034; 84: 13144; 85: 13992; 86: 13695; 87: 13174; 88: 13318; 89: 13654; 90: 13145; 91: 13169; 92: 13212; 93: 12891; 94: 12480; 95: 12574; 96: 12582; 97: 11829; 98: 11802; 99: 11499; 100: 11787; 101: 11171; 102: 10595; 103: 10763; 104: 10385; 105: 9712; 106: 9527; 107: 9463; 108: 9363; 109: 8976; 110: 8542; 111: 8073; 112: 7715; 113: 7869; 114: 7356; 115: 6627; 116: 6657; 117: 6696; 118: 5921; 119: 5721; 120: 5170; 121: 5883; 122: 4678; 123: 4311; 124: 4293; 125: 4197; 126: 3846; 127: 3557; 128: 3461; 129: 3084; 130: 2797; 131: 2603; 132: 2666; 133: 2162; 134: 2235; 135: 1993; 136: 1776; -136: 1; 137: 1705; 138: 1495; 139: 1646; 140: 1315; 141: 1231; 142: 1196; 143: 1015; 144: 965; 145: 949; 146: 889; 147: 707; 148: 676; 149: 601; 150: 642; 151: 548; 152: 542; 153: 506; 154: 423; 155: 381; 156: 341; 157: 340; 158: 302; 159: 274; 160: 278; 161: 218; 162: 191; 163: 173; 164: 185; 165: 176; 166: 140; 167: 125; 168: 102; 169: 111; 170: 101; 171: 116; 172: 74; 173: 86; 174: 67; 175: 92; 176: 61; 177: 46; 178: 49; 179: 40; 180: 49; 181: 32; 182: 47; 183: 35; 184: 19; 185: 40; 186: 25; 187: 22; 188: 30; 189: 27; 190: 20; 191: 22; 192: 22; 193: 20; 194: 24; 195: 13; 196: 16; 197: 14; 198: 15; 199: 14; 200: 9; 201: 13; 202: 8; 203: 10; 204: 11; 205: 11; 206: 8; 207: 15; 208: 6; 209: 9; 210: 7; 211: 5; 212: 4; 213: 2; 214: 4; 215: 5; 216: 6; 217: 8; 218: 4; 219: 6; 220: 4; 221: 6; 222: 4; 223: 3; 224: 4; 225: 2; 226: 3; 227: 4; 228: 3; 229: 3; 230: 2; 231: 4; 232: 6; 233: 5; 234: 1; 235: 1; 236: 1; 237: 5; 239: 1; 240: 2; 241: 1; 245: 1; 246: 1; 247: 2; 250: 1; 251: 1; 252: 1; 253: 1; 254: 2; 258: 2; 259: 1; 261: 1; 263: 3; 264: 3; 265: 2; 266: 1; 270: 1; 271: 1; 276: 2; 282: 1; 284: 1; 287: 1; 291: 1; 300: 1; 302: 1; 303: 1; 306: 1; 315: 1; -319: 1; 322: 1; 324: 1; 329: 1; 336: 2; 354: 1; 364: 1; 408: 1; 521: 1},{2: 157554; 3: 51551; 4: 49345; -4: 38; 5: 55048; -5: 42; 6: 37136; -6: 28; 7: 34696; -7: 52; 8: 33080; -8: 47; 9: 29081; -9: 41; 10: 28116; -10: 41; 11: 23914; -11: 51; 12: 22129; -12: 43; 13: 19059; -13: 32; 14: 17793; -14: 40; 15: 14454; -15: 51; 16: 13713; -16: 38; 17: 11390; -17: 22; 18: 10718; -18: 36; 19: 8944; -19: 18; 20: 8532; -20: 39; 21: 7224; -21: 17; 22: 6938; -22: 25; 23: 5773; -23: 9; 24: 5385; -24: 26; 25: 4664; -25: 7; 26: 4341; -26: 18; 27: 3581; -27: 5; 28: 3575; -28: 18; 29: 2969; -29: 8; 30: 2861; -30: 19; 31: 2385; -31: 9; 32: 2191; -32: 6; 33: 1896; -33: 6; 34: 1682; -34: 16; 35: 1365; -35: 1; 36: 1260; -36: 7; 37: 1097; -37: 3; 38: 991; -38: 7; 39: 819; -39: 5; 40: 666; -40: 6; 41: 661; -41: 3; 42: 538; -42: 4; 43: 487; -43: 1; 44: 355; -44: 7; 45: 363; -45: 1; 46: 320; -46: 1; 47: 222; -47: 1; 48: 189; -48: 1; 49: 202; 50: 124; 51: 112; 52: 118; -52: 8; 53: 105; -53: 1; 54: 82; -54: 4; 55: 69; -55: 1; 56: 78; -56: 7; 57: 54; 58: 52; -58: 2; 59: 52; 60: 36; -60: 1; 61: 34; 62: 19; 63: 13; 64: 12; 65: 39; 66: 22; 67: 40; 68: 11; 69: 7; 70: 9; -70: 1; 71: 10; 72: 2; -72: 1; 74: 2; -74: 2; 75: 2; 77: 1; 78: 1; -78: 1; 79: 1; 80: 1; 91: 2; -95: 1; 100: 1; 108: 1}
2023-10-07T04:08:10,{0: 31; 1: 43; -1: 2; 2: 12; -2: 1; 3: 8; 4: 9; -4: 3; 5: 10; 6: 4; 7: 5; -7: 1; 8: 13; -8: 1; 9: 16; 10: 9; 11: 18; 12: 14; 13: 19; -13: 1; 14: 22; -14: 1; 15: 22; 16: 19; -16: 3; 17: 28; -17: 1; 18: 45; 19: 46; -19: 1; 20: 62; 21: 26; 22: 40; 23: 39; -23: 1; 24: 17; 25: 54; -25: 1; 26: 48; 27: 91; 28: 94; 29: 96; 30: 84; 31: 108; 32: 97; 33: 108; 34: 80; 35: 114; -35: 1; 36: 205; -36: 1; 37: 160; 38: 229; 39: 245; 40: 487; 41: 336; 42: 1043; 43: 755; 44: 1337; -44: 1; 45: 834; -45: 1; 46: 1588; 47: 355; 48: 767; 49: 1128; 50: 1214; 51: 1868; -51: 2; 52: 2032; 53: 2347; 54: 2648; 55: 2613; 56: 3076; 57: 3337; 58: 3569; 59: 3882; 60: 4447; 61: 4534; 62: 5357; 63: 5540; 64: 5529; 65: 5628; 66: 5350; 67: 5030; 68: 5109; 69: 5505; 70: 5677; 71: 6704; 72: 6983; 73: 7781; 74: 8404; 75: 10815; 76: 10457; 77: 10808; 78: 12584; 79: 11943; 80: 12661; 81: 12504; 82: 13639; 83: 13063; 84: 12907; 85: 13804; 86: 13573; 87: 13269; 88: 13256; 89: 13641; 90: 12975; 91: 13121; 92: 13136; 93: 13149; 94: 12473; 95: 12531; 96: 12525; 97: 11833; 98: 11825; 99: 11614; 100: 11697; 101: 11116; 102: 10585; 103: 10846; 104: 10336; 105: 9703; 106: 9499; 107: 9467; 108: 9371; 109: 8992; 110: 8570; 111: 8053; 112: 7810; 113: 7936; 114: 7385; 115: 6651; 116: 6617; 117: 6724; 118: 5907; 119: 5685; 120: 5208; 121: 5914; 122: 4748; 123: 4348; 124: 4375; 125: 4186; 126: 3830; 127: 3567; 128: 3445; 129: 3094; 130: 2775; 131: 2624; 132: 2667; 133: 2192; 134: 2255; 135: 2032; 136: 1766; -136: 1; 137: 1708; 138: 1485; 139: 1639; 140: 1307; 141: 1261; 142: 1201; 143: 1025; 144: 940; 145: 967; 146: 904; 147: 716; 148: 676; 149: 608; 150: 658; 151: 535; 152: 545; 153: 493; 154: 437; 155: 385; 156: 350; 157: 338; 158: 298; 159: 269; 160: 284; 161: 228; 162: 188; 163: 183; 164: 191; 165: 180; 166: 147; 167: 134; 168: 107; 169: 115; 170: 100; 171: 112; 172: 69; 173: 81; 174: 62; 175: 94; 176: 65; 177: 51; 178: 44; 179: 42; 180: 50; 181: 33; 182: 49; 183: 35; 184: 18; 185: 38; 186: 32; 187: 23; 188: 27; 189: 26; 190: 14; 191: 23; 192: 23; 193: 24; 194: 24; 195: 14; 196: 18; 197: 14; 198: 15; 199: 14; 200: 9; 201: 12; 202: 8; 203: 11; 204: 11; 205: 10; 206: 9; 207: 10; 208: 6; 209: 9; 210: 8; 211: 7; 212: 4; 213: 3; 214: 5; 215: 6; 216: 7; 217: 8; 218: 8; 219: 6; 220: 4; 221: 6; 222: 3; 223: 3; 224: 3; 225: 2; 226: 2; 227: 4; 228: 3; 229: 3; 230: 1; 231: 4; 232: 5; 233: 5; 235: 1; 236: 1; 237: 4; 238: 1; 239: 1; 240: 2; 241: 1; 244: 1; 245: 1; 246: 1; 247: 1; 248: 2; 250: 1; 251: 1; 252: 1; 253: 1; 254: 2; 255: 1; 258: 2; 259: 1; 261: 1; 263: 3; 264: 2; 265: 2; 270: 1; 271: 1; 273: 1; 276: 2; 282: 1; 284: 1; 287: 1; 291: 1; 300: 1; 302: 1; 303: 1; 306: 1; 315: 1; -319: 1; 322: 1; 324: 1; 329: 1; 331: 1; 336: 2; 354: 1; 358: 1; 408: 1; 521: 1},{1: 1; 2: 151163; 3: 52318; 4: 52105; -4: 33; 5: 55543; -5: 33; 6: 38097; -6: 25; 7: 35371; -7: 30; 8: 33891; -8: 40; 9: 29419; -9: 29; 10: 28190; -10: 40; 11: 23907; -11: 31; 12: 22506; -12: 28; 13: 18921; -13: 31; 14: 17650; -14: 37; 15: 14401; -15: 23; 16: 13800; -16: 47; 17: 11268; -17: 23; 18: 10699; -18: 35; 19: 8770; -19: 27; 20: 8417; -20: 28; 21: 7307; -21: 17; 22: 6848; -22: 23; 23: 5711; -23: 16; 24: 5358; -24: 22; 25: 4603; -25: 5; 26: 4416; -26: 16; 27: 3601; -27: 6; 28: 3583; -28: 14; 29: 2955; -29: 9; 30: 2812; -30: 18; 31: 2364; -31: 7; 32: 2148; -32: 9; 33: 1864; -33: 3; 34: 1687; -34: 10; 35: 1331; -35: 5; 36: 1285; -36: 8; 37: 1104; -37: 2; 38: 1040; -38: 12; 39: 809; -39: 3; 40: 754; -40: 7; 41: 614; -41: 2; 42: 554; -42: 6; 43: 469; -43: 2; 44: 428; -44: 4; 45: 345; -45: 2; 46: 316; -46: 1; 47: 233; 48: 216; -48: 3; 49: 200; 50: 162; 51: 143; 52: 115; -52: 10; 53: 105; -53: 1; 54: 88; -54: 2; 55: 64; -55: 1; 56: 38; -56: 7; 57: 72; -57: 1; 58: 47; -58: 4; 59: 41; 60: 55; -60: 1; 61: 27; 62: 21; 63: 22; 64: 13; 65: 14; 66: 13; 67: 8; -67: 1; 68: 10; -68: 1; 69: 3; 70: 4; 71: 5; 72: 2; 73: 3; 74: 2; -74: 2; 75: 3; 76: 1; -78: 2; 79: 1; 81: 3; 88: 3; 90: 1; 92: 1; 94: 3; 100: 1}
2023-10-08T04:45:33,{0: 31; 1: 37; -1: 2; 2: 13; -2: 1; 3: 11; 4: 10; -4: 3; 5: 8; 6: 3; 7: 5; -7: 1; 8: 12; -8: 2; 9: 19; 10: 9; 11: 21; 12: 12; 13: 17; -13: 1; 14: 24; 15: 24; -15: 1; 16: 23; -16: 3; 17: 27; -17: 1; 18: 50; 19: 52; -19: 1; 20: 55; 21: 31; 22: 37; 23: 36; -23: 1; 24: 14; 25: 61; -25: 1; 26: 54; 27: 90; 28: 82; 29: 94; 30: 92; 31: 108; 32: 98; 33: 111; 34: 78; 35: 113; -35: 1; 36: 201; -36: 1; 37: 158; 38: 225; 39: 237; 40: 483; 41: 315; 42: 1043; 43: 746; 44: 1347; -44: 1; 45: 833; -45: 1; 46: 1636; 47: 347; 48: 797; 49: 1111; 50: 1300; 51: 1886; -51: 2; 52: 2086; 53: 2414; 54: 2694; 55: 2662; 56: 3158; 57: 3293; 58: 3585; 59: 4003; 60: 4501; 61: 4501; 62: 5196; 63: 5587; 64: 5546; 65: 5628; 66: 5373; 67: 5010; 68: 5148; 69: 5489; 70: 5674; 71: 6595; 72: 6921; 73: 7828; 74: 8401; 75: 10883; 76: 10515; 77: 10827; 78: 12431; 79: 11713; 80: 12483; 81: 12636; 82: 13542; 83: 12978; 84: 12943; 85: 13818; 86: 13623; 87: 13195; 88: 13262; 89: 13595; 90: 12836; 91: 13107; 92: 13217; 93: 12899; 94: 12601; 95: 12516; 96: 12507; 97: 11901; 98: 11742; 99: 11589; 100: 11671; 101: 11107; 102: 10543; 103: 10910; 104: 10393; 105: 9688; 106: 9612; 107: 9458; 108: 9306; 109: 8987; 110: 8468; 111: 8059; 112: 7777; 113: 7948; 114: 7403; 115: 6659; 116: 6602; 117: 6752; 118: 5903; 119: 5715; 120: 5252; 121: 5897; 122: 4764; 123: 4399; 124: 4338; 125: 4212; 126: 3822; 127: 3574; 128: 3496; 129: 3125; 130: 2762; 131: 2698; 132: 2647; 133: 2198; 134: 2278; 135: 2062; 136: 1761; -136: 1; 137: 1710; 138: 1526; 139: 1624; 140: 1320; 141: 1280; 142: 1233; 143: 1027; 144: 965; 145: 947; 146: 894; 147: 706; 148: 658; 149: 603; 150: 678; 151: 553; 152: 546; 153: 499; 154: 434; 155: 383; 156: 353; 157: 340; 158: 314; 159: 275; 160: 286; 161: 222; 162: 201; 163: 177; 164: 198; 165: 170; 166: 147; 167: 129; 168: 113; 169: 120; 170: 103; 171: 115; 172: 68; 173: 83; 174: 59; 175: 90; 176: 59; 177: 52; 178: 44; 179: 43; 180: 53; 181: 35; 182: 45; 183: 36; 184: 18; 185: 41; 186: 31; 187: 22; 188: 31; 189: 25; 190: 18; 191: 25; 192: 24; 193: 22; 194: 24; 195: 12; 196: 18; 197: 16; 198: 16; 199: 11; 200: 8; 201: 10; 202: 11; 203: 14; 204: 9; 205: 8; 206: 9; 207: 11; 208: 6; 209: 8; 210: 5; 211: 7; 212: 5; 213: 3; 214: 5; 215: 6; 216: 6; 217: 7; 218: 7; 219: 10; 220: 6; 221: 6; 222: 4; 223: 3; 224: 4; 225: 2; 226: 2; 227: 3; 228: 2; 229: 3; 230: 2; 231: 4; 232: 5; 233: 4; 234: 1; 236: 2; 237: 5; 238: 1; 239: 1; 240: 3; 244: 2; 245: 3; 246: 1; 247: 1; 248: 2; 251: 1; 252: 1; 253: 1; 254: 2; 255: 1; 258: 2; 259: 1; 263: 1; 264: 2; 266: 2; 268: 1; 270: 1; 271: 1; 273: 1; 276: 2; 280: 1; 282: 1; 284: 1; 285: 1; 287: 1; 291: 1; 296: 1; 301: 1; 302: 1; 304: 1; 306: 1; -319: 1; 322: 1; 324: 1; 328: 1; 329: 1; 331: 1; 336: 1; 341: 1; 352: 1; 356: 1; 364: 1; 408: 1; 521: 1},{1: 4; 2: 144046; 3: 53092; 4: 54894; -4: 31; 5: 55653; -5: 23; 6: 38725; -6: 34; 7: 36047; -7: 31; 8: 34203; -8: 28; 9: 29467; -9: 30; 10: 28572; -10: 29; 11: 23991; -11: 25; 12: 22696; -12: 35; 13: 18814; -13: 26; 14: 17880; -14: 32; 15: 14309; -15: 22; 16: 13875; -16: 36; 17: 11306; -17: 13; 18: 10860; -18: 32; 19: 8876; -19: 16; 20: 8436; -20: 24; 21: 7420; -21: 13; 22: 7003; -22: 20; 23: 5741; -23: 10; 24: 5260; -24: 30; 25: 4726; -25: 12; 26: 4413; -26: 15; 27: 3747; -27: 11; 28: 3466; -28: 19; 29: 3106; -29: 6; 30: 2768; -30: 18; 31: 2436; -31: 5; 32: 2203; -32: 12; 33: 1808; -33: 5; 34: 1636; -34: 12; 35: 1437; -35: 8; 36: 1225; -36: 3; 37: 1098; -37: 6; 38: 1005; -38: 12; 39: 864; -39: 2; 40: 824; -40: 12; 41: 651; -41: 6; 42: 625; -42: 7; 43: 499; -43: 6; 44: 369; -44: 4; 45: 418; -45: 1; 46: 283; -46: 5; 47: 272; -47: 3; 48: 171; -48: 1; 49: 226; 50: 157; -50: 2; 51: 123; 52: 104; -52: 8; 53: 97; 54: 109; -54: 8; 55: 80; 56: 61; -56: 5; 57: 50; 58: 54; -58: 3; 59: 26; 60: 34; 61: 28; 62: 23; 63: 23; -63: 1; 64: 19; 65: 18; 66: 8; 67: 9; 68: 6; 69: 14; 70: 5; 71: 4; 72: 2; 73: 6; 74: 3; -74: 1; 75: 8; 76: 2; 77: 8; -78: 2; 79: 1; 92: 1; 98: 1}
2023-10-09T03:31:43,{0: 30; 1: 36; -1: 2; 2: 14; -2: 1; 3: 10; 4: 8; -4: 3; 5: 7; 6: 3; 7: 7; -7: 1; 8: 12; -8: 2; 9: 19; 10: 7; 11: 21; 12: 11; 13: 20; -13: 1; 14: 21; 15: 24; -15: 1; 16: 27; -16: 3; 17: 30; -17: 1; 18: 48; 19: 51; -19: 1; 20: 61; 21: 31; 22: 36; 23: 40; 24: 18; 25: 61; -25: 1; 26: 52; 27: 88; 28: 82; 29: 93; 30: 90; 31: 109; 32: 109; 33: 111; 34: 75; 35: 116; -35: 1; 36: 197; -36: 1; 37: 152; 38: 232; 39: 236; 40: 474; -40: 1; 41: 320; 42: 1063; 43: 743; 44: 1371; -44: 1; 45: 843; -45: 1; 46: 1629; 47: 353; 48: 844; 49: 1094; 50: 1270; 51: 1837; -51: 2; 52: 2105; 53: 2441; 54: 2743; 55: 2713; 56: 3115; 57: 3330; 58: 3522; 59: 3945; 60: 4592; 61: 4481; 62: 5220; 63: 5585; 64: 5564; 65: 5638; 66: 5318; 67: 4932; 68: 5062; 69: 5429; 70: 5687; 71: 6576; 72: 6999; 73: 7813; 74: 8386; 75: 10853; 76: 10556; 77: 10913; 78: 12574; 79: 11640; 80: 12463; 81: 12551; 82: 13672; 83: 13034; 84: 13145; 85: 13689; 86: 13627; 87: 13231; 88: 13252; 89: 13581; 90: 13011; 91: 13085; 92: 13180; 93: 12978; 94: 12589; 95: 12419; 96: 12537; 97: 11870; 98: 11520; 99: 11508; 100: 11551; 101: 11150; 102: 10497; 103: 10862; 104: 10354; 105: 9818; 106: 9684; 107: 9403; 108: 9271; 109: 8899; 110: 8407; 111: 8079; 112: 7880; 113: 7972; 114: 7429; 115: 6642; 116: 6505; 117: 6688; 118: 5851; 119: 5724; 120: 5288; 121: 5836; 122: 4801; 123: 4439; 124: 4340; 125: 4268; 126: 3805; 127: 3549; 128: 3472; 129: 3122; 130: 2809; 131: 2731; 132: 2648; 133: 2246; 134: 2292; 135: 2081; 136: 1726; -136: 1; 137: 1735; 138: 1537; 139: 1590; 140: 1325; 141: 1269; 142: 1243; 143: 1030; 144: 970; 145: 959; 146: 909; 147: 697; 148: 656; 149: 616; 150: 656; 151: 557; 152: 554; 153: 504; 154: 440; 155: 391; 156: 356; 157: 337; 158: 324; 159: 274; 160: 288; 161: 216; 162: 210; 163: 173; 164: 197; 165: 163; 166: 152; 167: 126; 168: 123; 169: 119; 170: 102; 171: 118; 172: 77; 173: 83; 174: 64; 175: 92; 176: 60; 177: 56; 178: 47; 179: 44; 180: 54; 181: 42; 182: 43; 183: 40; 184: 20; 185: 37; 186: 27; 187: 23; 188: 26; 189: 25; 190: 18; 191: 25; 192: 26; 193: 21; 194: 25; 195: 13; 196: 18; 197: 14; 198: 15; 199: 11; 200: 10; 201: 6; 202: 10; 203: 15; 204: 11; 205: 10; 206: 10; 207: 11; 208: 6; 209: 8; 210: 6; 211: 9; 212: 5; 213: 4; 214: 5; 215: 5; 216: 7; 217: 6; 218: 5; 219: 12; 220: 5; 221: 7; 222: 5; 223: 3; 224: 3; 225: 2; 226: 2; 227: 3; 228: 2; 229: 4; 230: 1; 231: 4; 232: 4; 233: 4; 234: 1; 236: 2; 237: 4; 238: 1; 239: 1; 240: 2; 242: 2; 243: 1; 244: 2; 245: 1; 246: 1; 247: 2; 248: 3; 251: 1; 252: 1; 253: 1; 254: 2; 255: 1; 258: 2; 259: 1; 263: 1; 264: 1; 267: 1; 268: 1; 270: 2; 271: 1; 276: 2; 280: 1; 282: 1; 284: 1; 285: 1; 291: 1; 296: 1; 302: 1; 304: 1; 306: 1; 314: 1; -319: 1; 324: 2; 328: 1; 329: 1; 331: 2; 336: 1; 341: 1; 346: 1; 356: 1; 368: 1; 408: 1; 654: 1},{1: 4; 2: 134536; 3: 53843; 4: 58347; -4: 43; 5: 55895; -5: 33; 6: 40040; -6: 39; 7: 36748; -7: 38; 8: 34591; -8: 31; 9: 30000; -9: 30; 10: 29044; -10: 39; 11: 24551; -11: 35; 12: 23156; -12: 38; 13: 19035; -13: 29; 14: 18113; -14: 33; 15: 14513; -15: 20; 16: 14096; -16: 42; 17: 11495; -17: 16; 18: 11028; -18: 29; 19: 8986; -19: 14; 20: 8532; -20: 21; 21: 7505; -21: 19; 22: 6988; -22: 20; 23: 5662; -23: 3; 24: 5400; -24: 28; 25: 4553; -25: 9; 26: 4246; -26: 17; 27: 3792; -27: 7; 28: 3434; -28: 14; 29: 3045; -29: 10; 30: 2726; -30: 17; 31: 2318; -31: 5; 32: 2092; -32: 8; 33: 1783; -33: 6; 34: 1652; -34: 8; 35: 1363; 36: 1175; -36: 15; 37: 1169; -37: 3; 38: 972; -38: 7; 39: 853; -39: 3; 40: 757; -40: 12; 41: 637; 42: 579; -42: 3; 43: 501; -43: 2; 44: 375; -44: 4; 45: 373; 46: 320; -46: 3; 47: 247; -47: 2; 48: 219; -48: 4; 49: 170; -49: 1; 50: 134; -50: 1; 51: 151; 52: 102; -52: 7; 53: 107; -53: 1; 54: 64; -54: 4; 55: 99; 56: 58; -56: 6; 57: 51; 58: 46; 59: 27; 60: 24; -60: 1; 61: 28; 62: 12; -62: 1; 63: 16; 64: 14; 65: 11; 66: 20; 67: 9; -67: 1; 68: 7; -68: 1; 69: 8; -69: 1; 70: 19; 71: 1; 72: 3; 73: 16; 74: 3; -74: 1; 75: 4; 76: 7; 77: 1; -78: 3; 92: 1; 98: 1}
2023-10-10T05:29:37,{0: 31; 1: 49; -1: 2; 2: 13; -2: 1; 3: 12; -3: 1; 4: 9; -4: 2; 5: 8; 6: 2; 7: 8; -7: 1; 8: 14; -8: 3; 9: 18; -9: 1; 10: 6; -10: 1; 11: 19; 12: 15; 13: 16; -13: 1; 14: 24; 15: 20; -15: 1; 16: 36; -16: 3; 17: 33; -17: 1; 18: 43; 19: 52; -19: 2; 20: 63; 21: 32; 22: 29; 23: 40; 24: 12; -24: 1; 25: 57; 26: 60; 27: 85; 28: 82; 29: 96; 30: 96; 31: 109; 32: 113; 33: 109; 34: 69; 35: 88; -35: 1; 36: 153; -36: 2; 37: 134; 38: 229; 39: 239; 40: 515; 41: 309; 42: 1091; 43: 755; 44: 1446; 45: 803; 46: 1688; 47: 392; 48: 900; 49: 1131; 50: 1363; 51: 1922; -51: 2; 52: 2111; 53: 2479; 54: 2887; 55: 2772; 56: 3227; -56: 1; 57: 3419; 58: 3568; 59: 4100; 60: 4552; 61: 4623; 62: 5379; 63: 5809; 64: 5630; 65: 5735; 66: 5458; 67: 4797; 68: 5054; 69: 5290; 70: 5600; 71: 6374; 72: 6818; 73: 7667; 74: 8550; 75: 10631; 76: 10641; 77: 11154; 78: 12359; 79: 11632; 80: 12505; 81: 12746; 82: 13439; 83: 13020; 84: 13172; 85: 13620; -85: 1; 86: 13435; 87: 13248; 88: 13325; 89: 13532; 90: 13168; 91: 13078; 92: 13054; 93: 12963; 94: 12711; 95: 12368; 96: 12402; 97: 11772; 98: 11585; 99: 11845; 100: 11318; 101: 11080; 102: 10699; 103: 10731; 104: 10286; 105: 9780; 106: 9884; 107: 9420; 108: 9343; 109: 9005; 110: 8368; 111: 8054; 112: 7966; 113: 7958; 114: 7304; 115: 6756; 116: 6728; 117: 6469; 118: 5832; 119: 5789; 120: 5492; 121: 5528; 122: 4685; 123: 4481; 124: 4345; 125: 4156; 126: 3851; 127: 3531; 128: 3394; 129: 3032; 130: 2749; 131: 2814; 132: 2523; 133: 2142; 134: 2319; 135: 1959; 136: 1712; -136: 1; 137: 1680; 138: 1560; 139: 1477; 140: 1317; 141: 1270; 142: 1204; 143: 1011; 144: 967; 145: 951; 146: 859; 147: 689; 148: 635; 149: 598; 150: 616; 151: 565; 152: 550; 153: 481; 154: 433; 155: 362; 156: 345; 157: 323; 158: 319; 159: 284; 160: 281; 161: 210; 162: 195; 163: 184; 164: 221; 165: 154; 166: 132; 167: 120; 168: 126; 169: 128; 170: 99; 171: 124; 172: 85; 173: 91; 174: 67; 175: 100; 176: 62; 177: 69; 178: 48; 179: 40; 180: 52; 181: 44; 182: 42; 183: 43; 184: 20; 185: 35; 186: 28; 187: 21; 188: 28; 189: 22; 190: 24; 191: 28; 192: 23; 193: 15; 194: 19; 195: 22; 196: 17; 197: 15; 198: 15; 199: 7; 200: 13; 201: 3; 202: 15; 203: 16; 204: 11; 205: 11; 206: 7; 207: 11; 208: 4; 209: 7; 210: 6; 211: 12; 212: 5; 213: 5; 214: 9; 215: 8; 216: 9; 217: 6; 218: 5; 219: 8; 220: 6; 221: 6; 222: 5; 223: 3; 224: 4; 225: 1; 226: 1; 227: 4; 228: 2; 229: 1; 230: 2; 231: 3; 232: 4; 233: 4; 234: 1; 236: 2; 237: 4; 238: 1; 239: 2; 240: 1; 242: 3; 243: 4; 244: 1; 245: 1; 246: 1; 247: 1; 248: 2; 249: 1; 251: 1; 252: 1; 254: 3; 255: 1; 256: 1; 258: 2; 259: 1; 261: 1; 262: 1; 263: 1; 265: 1; 267: 1; 268: 1; 271: 1; 276: 2; 280: 1; 282: 1; 283: 1; 284: 1; 285: 1; 291: 1; 296: 1; 302: 1; 304: 1; 306: 1; 314: 1; -319: 1; 324: 2; 328: 1; 329: 1; 331: 1; 336: 1; 341: 1; 346: 1; 356: 1; 368: 1; 408: 1; 660: 1},{1: 1; 2: 87297; 3: 55180; 4: 73175; -4: 55; 5: 71986; -5: 39; 6: 49068; -6: 20; 7: 38207; -7: 19; 8: 35360; -8: 34; 9: 30439; -9: 24; 10: 29476; -10: 23; 11: 24696; -11: 16; 12: 23761; -12: 22; 13: 19171; -13: 16; 14: 18557; -14: 28; 15: 14911; -15: 17; 16: 14226; -16: 25; 17: 11822; -17: 12; 18: 11199; -18: 32; 19: 9073; -19: 7; 20: 8609; -20: 18; 21: 7458; -21: 12; 22: 7012; -22: 21; 23: 5768; -23: 7; 24: 5597; -24: 22; 25: 4592; -25: 10; 26: 4265; -26: 18; 27: 3737; -27: 7; 28: 3599; -28: 15; 29: 3005; -29: 7; 30: 2794; -30: 13; 31: 2432; -31: 7; 32: 2106; -32: 13; 33: 1799; -33: 7; 34: 1550; -34: 5; 35: 1318; -35: 2; 36: 1183; -36: 7; 37: 1126; -37: 3; 38: 892; -38: 11; 39: 887; -39: 3; 40: 756; -40: 10; 41: 668; 42: 579; -42: 8; 43: 484; -43: 1; 44: 418; -44: 4; 45: 356; -45: 2; 46: 353; -46: 4; 47: 245; -47: 1; 48: 198; -48: 3; 49: 179; 50: 168; -50: 2; 51: 138; 52: 107; -52: 3; 53: 96; -53: 2; 54: 58; -54: 4; 55: 84; -55: 1; 56: 91; -56: 5; 57: 50; -57: 1; 58: 45; 59: 33; 60: 18; -60: 4; 61: 23; 62: 28; 63: 14; -63: 1; 64: 13; 65: 8; 66: 5; -66: 1; 67: 5; -67: 1; 68: 10; 69: 13; 70: 17; -70: 1; 71: 3; 72: 5; 73: 8; 74: 3; -74: 1; 75: 4; 76: 5; 79: 1; 80: 3; 81: 1; 82: 1; 85: 1; -85: 1; 86: 1; 87: 1; 92: 1; 102: 1}
2023-10-11T05:15:17,{0: 30; 1: 47; -1: 2; 2: 14; 3: 10; -3: 1; 4: 10; -4: 1; 5: 9; 6: 2; 7: 11; -7: 2; 8: 14; -8: 1; 9: 16; 10: 7; -10: 1; 11: 20; 12: 13; 13: 17; -13: 1; 14: 21; 15: 18; -15: 1; 16: 37; -16: 3; 17: 29; -17: 2; 18: 41; 19: 59; -19: 1; 20: 65; 21: 34; 22: 29; 23: 42; 24: 12; 25: 58; 26: 67; 27: 79; 28: 88; 29: 100; 30: 91; 31: 112; 32: 106; 33: 114; 34: 65; 35: 88; -35: 1; 36: 138; -36: 2; 37: 133; 38: 216; 39: 238; 40: 531; 41: 308; 42: 1092; 43: 750; 44: 1412; 45: 793; 46: 1710; 47: 367; 48: 866; -48: 1; 49: 1132; 50: 1390; 51: 1884; -51: 2; 52: 2178; 53: 2447; 54: 2842; 55: 2751; 56: 3130; 57: 3370; 58: 3636; 59: 4039; 60: 4479; 61: 4630; 62: 5324; 63: 5685; 64: 5484; 65: 5723; 66: 5335; 67: 4841; 68: 4996; 69: 5412; 70: 5714; 71: 6372; 72: 6799; 73: 7776; 74: 8588; 75: 10649; 76: 10536; 77: 11066; 78: 12235; 79: 11762; 80: 12598; 81: 12778; 82: 13400; 83: 13096; 84: 13189; 85: 13583; -85: 1; 86: 13325; 87: 13160; 88: 13342; 89: 13488; 90: 13101; 91: 13020; 92: 12971; 93: 12860; 94: 12601; 95: 12317; 96: 12425; 97: 11774; 98: 11725; 99: 11845; 100: 11301; 101: 10974; 102: 10733; 103: 10597; 104: 10233; 105: 9813; 106: 9846; 107: 9428; 108: 9388; 109: 8855; 110: 8403; 111: 8026; 112: 8003; 113: 7959; 114: 7291; 115: 6896; 116: 6726; 117: 6389; 118: 5905; 119: 5843; 120: 5488; 121: 5537; 122: 4841; 123: 4640; 124: 4403; 125: 4183; 126: 3811; 127: 3603; 128: 3424; 129: 3117; 130: 2823; 131: 2827; 132: 2588; 133: 2234; 134: 2277; 135: 2015; 136: 1731; -136: 1; 137: 1704; 138: 1577; 139: 1457; 140: 1317; 141: 1298; 142: 1208; 143: 1032; 144: 1007; 145: 986; 146: 873; 147: 698; 148: 670; 149: 602; 150: 603; 151: 554; 152: 540; 153: 495; 154: 434; 155: 376; 156: 375; 157: 329; 158: 342; 159: 289; 160: 266; 161: 214; 162: 212; 163: 199; 164: 223; 165: 148; 166: 136; 167: 128; 168: 126; 169: 129; 170: 104; 171: 124; 172: 90; 173: 89; 174: 61; 175: 91; 176: 64; 177: 67; 178: 45; 179: 45; 180: 62; 181: 44; 182: 42; 183: 56; 184: 23; 185: 40; 186: 28; 187: 24; 188: 28; 189: 26; 190: 27; 191: 24; 192: 26; 193: 18; 194: 19; 195: 25; 196: 15; 197: 12; 198: 16; 199: 11; 200: 14; 201: 3; 202: 13; 203: 16; 204: 9; 205: 13; 206: 6; 207: 11; 208: 3; 209: 6; 210: 7; 211: 12; 212: 6; 213: 3; 214: 8; 215: 12; 216: 10; 217: 5; 218: 6; 219: 7; 220: 5; 221: 7; 222: 3; 223: 3; 224: 6; 225: 1; 226: 1; 227: 6; 228: 1; 230: 6; 231: 2; 232: 2; 233: 4; 234: 1; 235: 1; 236: 2; 237: 4; 238: 1; 239: 2; 240: 2; 242: 3; 243: 4; 244: 3; 245: 1; 246: 1; 247: 2; 248: 2; 249: 1; 250: 1; 251: 1; 252: 1; 254: 2; 255: 1; 258: 3; 259: 1; 262: 1; 263: 2; 265: 1; 267: 1; 268: 1; 271: 1; 276: 3; 280: 1; 282: 1; 283: 1; 284: 1; 285: 1; 291: 1; 296: 1; 302: 1; 304: 1; 306: 1; 314: 1; -319: 1; 324: 2; 328: 1; 329: 1; 331: 1; 336: 1; 341: 1; 346: 1; 357: 1; 368: 1; 408: 1; 660: 1},{1: 2; 2: 81739; 3: 52410; 4: 68697; -4: 49; 5: 68367; -5: 34; 6: 58863; -6: 25; 7: 41962; -7: 17; 8: 36537; -8: 16; 9: 30700; -9: 15; 10: 29712; -10: 13; 11: 24820; -11: 19; 12: 23848; -12: 20; 13: 19391; -13: 15; 14: 18772; -14: 20; 15: 15198; -15: 14; 16: 14386; -16: 30; 17: 11888; -17: 9; 18: 11208; -18: 20; 19: 9206; -19: 7; 20: 8628; -20: 21; 21: 7414; -21: 10; 22: 7022; -22: 16; 23: 5735; -23: 7; 24: 5399; -24: 22; 25: 4579; -25: 6; 26: 4275; -26: 19; 27: 3855; -27: 5; 28: 3425; -28: 19; 29: 3100; -29: 4; 30: 2863; -30: 12; 31: 2460; -31: 3; 32: 2139; -32: 11; 33: 1795; -33: 7; 34: 1597; -34: 11; 35: 1371; -35: 1; 36: 1267; -36: 12; 37: 1092; -37: 2; 38: 957; -38: 14; 39: 878; -39: 2; 40: 702; -40: 9; 41: 665; -41: 1; 42: 576; -42: 6; 43: 495; -43: 3; 44: 385; -44: 6; 45: 342; -45: 2; 46: 287; -46: 3; 47: 297; 48: 203; -48: 3; 49: 195; 50: 131; 51: 124; 52: 96; -52: 13; 53: 102; 54: 68; -54: 5; 55: 64; 56: 65; -56: 7; 57: 40; 58: 48; -58: 1; 59: 31; -59: 1; 60: 39; -60: 3; 61: 24; 62: 36; 63: 13; 64: 15; -64: 1; 65: 7; 66: 8; -66: 2; 67: 8; 68: 11; -68: 1; 69: 4; 70: 7; 71: 3; 72: 5; 73: 7; 74: 5; -74: 1; 75: 2; 76: 5; 77: 1; 78: 5; 79: 1; 80: 3; 81: 1; 82: 1; 85: 1; 87: 9; 92: 1; 100: 1}
